snapshot_at,release_id,release_tag,channel,published_at,prerelease,asset_id,name,created_at,updated_at,size,content_type,download_count,delta,platform,architecture,edition,package_type,delivery_role,status
"2026-07-17T00:55:38.805Z","297073382","0.3.1","stable","2026-03-14T21:58:40Z","true","373965180","CMTrace.Open_0.3.0_amd64.AppImage","2026-03-14T22:04:43Z","2026-03-14T22:04:45Z","78055928","application/zip","1","0","linux","x64","full","appimage","mixed-manual-update","current"
"2026-07-17T00:55:38.805Z","297073382","0.3.1","stable","2026-03-14T21:58:40Z","true","373965167","CMTrace.Open_0.3.0_amd64.deb","2026-03-14T22:04:41Z","2026-03-14T22:04:42Z","5507114","application/zip","0","0","linux","x64","full","deb","manual-only","current"
"2026-07-17T00:55:38.805Z","297073382","0.3.1","stable","2026-03-14T21:58:40Z","true","373965177","CMTrace.Open-0.3.0-1.x86_64.rpm","2026-03-14T22:04:42Z","2026-03-14T22:04:42Z","5509203","application/zip","0","0","linux","x64","full","rpm","manual-only","current"
"2026-07-17T00:55:38.805Z","297073382","0.3.1","stable","2026-03-14T21:58:40Z","true","373964781","CMTrace.Open_0.3.0_aarch64.dmg","2026-03-14T22:03:27Z","2026-03-14T22:03:27Z","5285839","application/zip","1","0","macos","arm64","full","dmg","manual-only","current"
"2026-07-17T00:55:38.805Z","297073382","0.3.1","stable","2026-03-14T21:58:40Z","true","373963182","cmtrace-open.exe","2026-03-14T21:58:36Z","2026-03-14T21:58:36Z","14783488","application/x-msdownload","3","0","unknown","unknown","unknown","unknown","unknown","current"
"2026-07-17T00:55:38.805Z","297073382","0.3.1","stable","2026-03-14T21:58:40Z","true","373964785","CMTrace.Open_aarch64.app.tar.gz","2026-03-14T22:03:28Z","2026-03-14T22:03:28Z","5017372","application/zip","2","0","unknown","unknown","unknown","unknown","unknown","current"
"2026-07-17T00:55:38.805Z","302924479","1.0.2","stable","2026-03-29T23:09:51Z","false","384257694","latest.json","2026-03-29T23:15:04Z","2026-03-29T23:15:05Z","1563","application/zip","0","0","cross-platform","unknown","not-applicable","updater-manifest","updater-only","current"
"2026-07-17T00:55:38.805Z","302924479","1.0.2","stable","2026-03-29T23:09:51Z","false","384257608","CMTrace.Open_1.0.2_aarch64.dmg","2026-03-29T23:15:01Z","2026-03-29T23:15:02Z","8998050","application/zip","1","0","macos","arm64","full","dmg","manual-only","current"
"2026-07-17T00:55:38.805Z","302924479","1.0.2","stable","2026-03-29T23:09:51Z","false","384257691","CMTrace.Open_aarch64.app.tar.gz.sig","2026-03-29T23:15:04Z","2026-03-29T23:15:04Z","412","application/zip","0","0","unknown","unknown","unknown","signature","supporting-file","current"
"2026-07-17T00:55:38.805Z","302924479","1.0.2","stable","2026-03-29T23:09:51Z","false","384257620","CMTrace.Open_aarch64.app.tar.gz","2026-03-29T23:15:03Z","2026-03-29T23:15:03Z","8381605","application/zip","1","0","unknown","unknown","unknown","unknown","unknown","current"
"2026-07-17T00:55:38.805Z","322160744","nightly","nightly","2026-05-13T22:04:10Z","true","477677264","latest.json","2026-07-15T07:59:11Z","2026-07-15T07:59:11Z","2389","application/json","20","0","cross-platform","unknown","not-applicable","updater-manifest","updater-only","replaced"
"2026-07-17T00:55:38.805Z","322160744","nightly","nightly","2026-05-13T22:04:10Z","true","478928710","latest.json","2026-07-16T08:05:39Z","2026-07-16T08:05:39Z","2389","application/json","14","","cross-platform","unknown","not-applicable","updater-manifest","updater-only","current"
"2026-07-17T00:55:38.805Z","322160744","nightly","nightly","2026-05-13T22:04:10Z","true","477677261","CMTrace-Open_Nightly_20260715_77_30b4e39e438c_macOS-arm64.dmg","2026-07-15T07:59:11Z","2026-07-15T07:59:11Z","9364768","application/x-apple-diskimage","0","0","macos","arm64","full","dmg","manual-only","replaced"
"2026-07-17T00:55:38.805Z","322160744","nightly","nightly","2026-05-13T22:04:10Z","true","478928709","CMTrace-Open_Nightly_20260716_78_d6d4c7235666_macOS-arm64.dmg","2026-07-16T08:05:39Z","2026-07-16T08:05:40Z","9427841","application/x-apple-diskimage","0","","macos","arm64","full","dmg","manual-only","current"
"2026-07-17T00:55:38.805Z","322160744","nightly","nightly","2026-05-13T22:04:10Z","true","477677265","CMTrace-Open_Nightly_20260715_77_30b4e39e438c_macOS-arm64.app.tar.gz.sig","2026-07-15T07:59:11Z","2026-07-15T07:59:11Z","424","application/pgp-signature","0","0","macos","arm64","full","signature","supporting-file","replaced"
"2026-07-17T00:55:38.805Z","322160744","nightly","nightly","2026-05-13T22:04:10Z","true","478928711","CMTrace-Open_Nightly_20260716_78_d6d4c7235666_macOS-arm64.app.tar.gz.sig","2026-07-16T08:05:39Z","2026-07-16T08:05:39Z","424","application/pgp-signature","0","","macos","arm64","full","signature","supporting-file","current"
"2026-07-17T00:55:38.805Z","322160744","nightly","nightly","2026-05-13T22:04:10Z","true","477677263","CMTrace-Open_Nightly_20260715_77_30b4e39e438c_macOS-arm64.app.tar.gz","2026-07-15T07:59:11Z","2026-07-15T07:59:12Z","8769547","application/x-gtar","0","0","macos","arm64","full","updater-archive","updater-only","replaced"
"2026-07-17T00:55:38.805Z","322160744","nightly","nightly","2026-05-13T22:04:10Z","true","478928712","CMTrace-Open_Nightly_20260716_78_d6d4c7235666_macOS-arm64.app.tar.gz","2026-07-16T08:05:39Z","2026-07-16T08:05:40Z","8846862","application/x-gtar","0","","macos","arm64","full","updater-archive","updater-only","current"
"2026-07-17T00:55:38.805Z","322160744","nightly","nightly","2026-05-13T22:04:10Z","true","477677294","CMTrace-Open_Nightly_20260715_77_30b4e39e438c_arm64.msi","2026-07-15T07:59:13Z","2026-07-15T07:59:13Z","12517376","application/x-msi","0","0","windows","arm64","full","msi","manual-only","replaced"
"2026-07-17T00:55:38.805Z","322160744","nightly","nightly","2026-05-13T22:04:10Z","true","478928746","CMTrace-Open_Nightly_20260716_78_d6d4c7235666_arm64.msi","2026-07-16T08:05:41Z","2026-07-16T08:05:41Z","12582912","application/x-msi","0","","windows","arm64","full","msi","manual-only","current"
"2026-07-17T00:55:38.805Z","322160744","nightly","nightly","2026-05-13T22:04:10Z","true","477677276","CMTrace-Open_Nightly_20260715_77_30b4e39e438c_arm64-setup.exe","2026-07-15T07:59:12Z","2026-07-15T07:59:12Z","5356096","application/octet-stream","0","0","windows","arm64","full","nsis-setup","mixed-manual-update","replaced"
"2026-07-17T00:55:38.805Z","322160744","nightly","nightly","2026-05-13T22:04:10Z","true","478928722","CMTrace-Open_Nightly_20260716_78_d6d4c7235666_arm64-setup.exe","2026-07-16T08:05:40Z","2026-07-16T08:05:40Z","5368672","application/octet-stream","0","","windows","arm64","full","nsis-setup","mixed-manual-update","current"
"2026-07-17T00:55:38.805Z","322160744","nightly","nightly","2026-05-13T22:04:10Z","true","477677262","CMTrace-Open-Lite_Nightly_20260715_77_30b4e39e438c_arm64.exe","2026-07-15T07:59:11Z","2026-07-15T07:59:12Z","16974592","application/octet-stream","0","0","windows","arm64","lite","portable-exe","manual-only","replaced"
"2026-07-17T00:55:38.805Z","322160744","nightly","nightly","2026-05-13T22:04:10Z","true","477677282","CMTrace-Open_Nightly_20260715_77_30b4e39e438c_arm64.exe","2026-07-15T07:59:12Z","2026-07-15T07:59:13Z","19656448","application/octet-stream","0","0","windows","arm64","full","portable-exe","manual-only","replaced"
"2026-07-17T00:55:38.805Z","322160744","nightly","nightly","2026-05-13T22:04:10Z","true","478928713","CMTrace-Open-Lite_Nightly_20260716_78_d6d4c7235666_arm64.exe","2026-07-16T08:05:39Z","2026-07-16T08:05:40Z","17130752","application/octet-stream","0","","windows","arm64","lite","portable-exe","manual-only","current"
"2026-07-17T00:55:38.805Z","322160744","nightly","nightly","2026-05-13T22:04:10Z","true","478928726","CMTrace-Open_Nightly_20260716_78_d6d4c7235666_arm64.exe","2026-07-16T08:05:40Z","2026-07-16T08:05:41Z","19689728","application/octet-stream","0","","windows","arm64","full","portable-exe","manual-only","current"
"2026-07-17T00:55:38.805Z","322160744","nightly","nightly","2026-05-13T22:04:10Z","true","477677281","CMTrace-Open_Nightly_20260715_77_30b4e39e438c_arm64-setup.exe.sig","2026-07-15T07:59:12Z","2026-07-15T07:59:12Z","464","application/pgp-signature","0","0","windows","arm64","full","signature","supporting-file","replaced"
"2026-07-17T00:55:38.805Z","322160744","nightly","nightly","2026-05-13T22:04:10Z","true","478928724","CMTrace-Open_Nightly_20260716_78_d6d4c7235666_arm64-setup.exe.sig","2026-07-16T08:05:40Z","2026-07-16T08:05:40Z","464","application/pgp-signature","0","","windows","arm64","full","signature","supporting-file","current"
"2026-07-17T00:55:38.805Z","322160744","nightly","nightly","2026-05-13T22:04:10Z","true","477677298","CMTrace-Open_Nightly_20260715_77_30b4e39e438c_x64.msi","2026-07-15T07:59:13Z","2026-07-15T07:59:14Z","13324288","application/x-msi","2","0","windows","x64","full","msi","manual-only","replaced"
"2026-07-17T00:55:38.805Z","322160744","nightly","nightly","2026-05-13T22:04:10Z","true","478928749","CMTrace-Open_Nightly_20260716_78_d6d4c7235666_x64.msi","2026-07-16T08:05:41Z","2026-07-16T08:05:41Z","13418496","application/x-msi","1","","windows","x64","full","msi","manual-only","current"
"2026-07-17T00:55:38.805Z","322160744","nightly","nightly","2026-05-13T22:04:10Z","true","477677284","CMTrace-Open_Nightly_20260715_77_30b4e39e438c_x64-setup.exe","2026-07-15T07:59:12Z","2026-07-15T07:59:13Z","5966736","application/octet-stream","1","0","windows","x64","full","nsis-setup","mixed-manual-update","replaced"
"2026-07-17T00:55:38.805Z","322160744","nightly","nightly","2026-05-13T22:04:10Z","true","478928728","CMTrace-Open_Nightly_20260716_78_d6d4c7235666_x64-setup.exe","2026-07-16T08:05:40Z","2026-07-16T08:05:41Z","5999688","application/octet-stream","2","","windows","x64","full","nsis-setup","mixed-manual-update","current"
"2026-07-17T00:55:38.805Z","322160744","nightly","nightly","2026-05-13T22:04:10Z","true","477677273","CMTrace-Open-Lite_Nightly_20260715_77_30b4e39e438c_x64.exe","2026-07-15T07:59:11Z","2026-07-15T07:59:12Z","20370176","application/octet-stream","0","0","windows","x64","lite","portable-exe","manual-only","replaced"
"2026-07-17T00:55:38.805Z","322160744","nightly","nightly","2026-05-13T22:04:10Z","true","477677289","CMTrace-Open_Nightly_20260715_77_30b4e39e438c_x64.exe","2026-07-15T07:59:12Z","2026-07-15T07:59:13Z","23563520","application/octet-stream","1","0","windows","x64","full","portable-exe","manual-only","replaced"
"2026-07-17T00:55:38.805Z","322160744","nightly","nightly","2026-05-13T22:04:10Z","true","478928719","CMTrace-Open-Lite_Nightly_20260716_78_d6d4c7235666_x64.exe","2026-07-16T08:05:39Z","2026-07-16T08:05:40Z","20533504","application/octet-stream","0","","windows","x64","lite","portable-exe","manual-only","current"
"2026-07-17T00:55:38.805Z","322160744","nightly","nightly","2026-05-13T22:04:10Z","true","478928731","CMTrace-Open_Nightly_20260716_78_d6d4c7235666_x64.exe","2026-07-16T08:05:40Z","2026-07-16T08:05:41Z","23811840","application/octet-stream","0","","windows","x64","full","portable-exe","manual-only","current"
"2026-07-17T00:55:38.805Z","322160744","nightly","nightly","2026-05-13T22:04:10Z","true","477677288","CMTrace-Open_Nightly_20260715_77_30b4e39e438c_x64-setup.exe.sig","2026-07-15T07:59:12Z","2026-07-15T07:59:12Z","460","application/pgp-signature","0","0","windows","x64","full","signature","supporting-file","replaced"
"2026-07-17T00:55:38.805Z","322160744","nightly","nightly","2026-05-13T22:04:10Z","true","478928730","CMTrace-Open_Nightly_20260716_78_d6d4c7235666_x64-setup.exe.sig","2026-07-16T08:05:40Z","2026-07-16T08:05:41Z","460","application/pgp-signature","0","","windows","x64","full","signature","supporting-file","current"
"2026-07-17T00:55:38.805Z","296507341","v0.2.0","stable","2026-03-13T03:39:39Z","false","372820895","CMTrace.Open_0.2.0_amd64.AppImage","2026-03-13T03:41:01Z","2026-03-13T03:41:04Z","77957624","application/zip","3","0","linux","x64","full","appimage","mixed-manual-update","current"
"2026-07-17T00:55:38.805Z","296507341","v0.2.0","stable","2026-03-13T03:39:39Z","false","372820883","CMTrace.Open_0.2.0_amd64.deb","2026-03-13T03:40:59Z","2026-03-13T03:41:00Z","5400190","application/zip","4","0","linux","x64","full","deb","manual-only","current"
"2026-07-17T00:55:38.805Z","296507341","v0.2.0","stable","2026-03-13T03:39:39Z","false","372820887","CMTrace.Open-0.2.0-1.x86_64.rpm","2026-03-13T03:41:00Z","2026-03-13T03:41:01Z","5402925","application/zip","5","0","linux","x64","full","rpm","manual-only","current"
"2026-07-17T00:55:38.805Z","296507341","v0.2.0","stable","2026-03-13T03:39:39Z","false","372820275","CMTrace.Open_0.2.0_aarch64.dmg","2026-03-13T03:39:40Z","2026-03-13T03:39:40Z","5193655","application/zip","4","0","macos","arm64","full","dmg","manual-only","current"
"2026-07-17T00:55:38.805Z","296507341","v0.2.0","stable","2026-03-13T03:39:39Z","false","372820285","CMTrace.Open_aarch64.app.tar.gz","2026-03-13T03:39:41Z","2026-03-13T03:39:41Z","4923465","application/zip","3","0","unknown","unknown","unknown","unknown","unknown","current"
"2026-07-17T00:55:38.805Z","296507341","v0.2.0","stable","2026-03-13T03:39:39Z","false","372826832","CMTrace-Open_0.2.0_arm64.msi","2026-03-13T03:55:37Z","2026-03-13T03:55:38Z","4431872","application/octet-stream","13","0","windows","arm64","full","msi","manual-only","current"
"2026-07-17T00:55:38.805Z","296507341","v0.2.0","stable","2026-03-13T03:39:39Z","false","372826831","CMTrace-Open_0.2.0_arm64.exe","2026-03-13T03:55:37Z","2026-03-13T03:55:38Z","11711952","application/x-msdownload","2","0","windows","arm64","full","portable-exe","manual-only","current"
"2026-07-17T00:55:38.805Z","296507341","v0.2.0","stable","2026-03-13T03:39:39Z","false","372826803","CMTrace-Open_0.2.0_x64.msi","2026-03-13T03:55:33Z","2026-03-13T03:55:34Z","4710400","application/octet-stream","43","0","windows","x64","full","msi","manual-only","current"
"2026-07-17T00:55:38.805Z","296507341","v0.2.0","stable","2026-03-13T03:39:39Z","false","372826802","CMTrace-Open_0.2.0_x64.exe","2026-03-13T03:55:33Z","2026-03-13T03:55:34Z","14105552","application/x-msdownload","18","0","windows","x64","full","portable-exe","manual-only","current"
"2026-07-17T00:55:38.805Z","296928323","v0.3.0","stable","2026-03-14T01:15:44Z","false","373489167","CMTrace.Open_0.3.0_amd64.AppImage","2026-03-14T01:19:25Z","2026-03-14T01:19:27Z","78060024","application/zip","2","0","linux","x64","full","appimage","mixed-manual-update","current"
"2026-07-17T00:55:38.805Z","296928323","v0.3.0","stable","2026-03-14T01:15:44Z","false","373489150","CMTrace.Open_0.3.0_amd64.deb","2026-03-14T01:19:23Z","2026-03-14T01:19:24Z","5504624","application/zip","1","0","linux","x64","full","deb","manual-only","current"
"2026-07-17T00:55:38.805Z","296928323","v0.3.0","stable","2026-03-14T01:15:44Z","false","373489163","CMTrace.Open-0.3.0-1.x86_64.rpm","2026-03-14T01:19:24Z","2026-03-14T01:19:25Z","5505335","application/zip","0","0","linux","x64","full","rpm","manual-only","current"
"2026-07-17T00:55:38.805Z","296928323","v0.3.0","stable","2026-03-14T01:15:44Z","false","373487830","CMTrace.Open_0.3.0_aarch64.dmg","2026-03-14T01:16:39Z","2026-03-14T01:16:40Z","5284067","application/zip","1","0","macos","arm64","full","dmg","manual-only","current"
"2026-07-17T00:55:38.805Z","296928323","v0.3.0","stable","2026-03-14T01:15:44Z","false","373487837","CMTrace.Open_aarch64.app.tar.gz","2026-03-14T01:16:40Z","2026-03-14T01:16:41Z","5014108","application/zip","1","0","unknown","unknown","unknown","unknown","unknown","current"
"2026-07-17T00:55:38.805Z","296928323","v0.3.0","stable","2026-03-14T01:15:44Z","false","373491420","CMTrace-Open_0.3.0_arm64.msi","2026-03-14T01:25:04Z","2026-03-14T01:25:04Z","4583424","application/octet-stream","149","2","windows","arm64","full","msi","manual-only","current"
"2026-07-17T00:55:38.805Z","296928323","v0.3.0","stable","2026-03-14T01:15:44Z","false","373491418","CMTrace-Open_0.3.0_arm64.exe","2026-03-14T01:25:04Z","2026-03-14T01:25:05Z","12186576","application/x-msdownload","1","1","windows","arm64","full","portable-exe","manual-only","current"
"2026-07-17T00:55:38.805Z","296928323","v0.3.0","stable","2026-03-14T01:15:44Z","false","373491517","CMTrace-Open_0.3.0_x64.msi","2026-03-14T01:25:15Z","2026-03-14T01:25:16Z","4857856","application/octet-stream","150","2","windows","x64","full","msi","manual-only","current"
"2026-07-17T00:55:38.805Z","296928323","v0.3.0","stable","2026-03-14T01:15:44Z","false","373491518","CMTrace-Open_0.3.0_x64.exe","2026-03-14T01:25:15Z","2026-03-14T01:25:16Z","14774736","application/x-msdownload","8","0","windows","x64","full","portable-exe","manual-only","current"
"2026-07-17T00:55:38.805Z","297729884","v0.4.0","stable","2026-03-17T00:50:20Z","false","375377287","CMTrace.Open_0.4.0_amd64.AppImage","2026-03-17T00:57:01Z","2026-03-17T00:57:03Z","78551544","application/zip","0","0","linux","x64","full","appimage","mixed-manual-update","current"
"2026-07-17T00:55:38.805Z","297729884","v0.4.0","stable","2026-03-17T00:50:20Z","false","375377278","CMTrace.Open_0.4.0_amd64.deb","2026-03-17T00:56:59Z","2026-03-17T00:57:00Z","6049952","application/zip","0","0","linux","x64","full","deb","manual-only","current"
"2026-07-17T00:55:38.805Z","297729884","v0.4.0","stable","2026-03-17T00:50:20Z","false","375377283","CMTrace.Open-0.4.0-1.x86_64.rpm","2026-03-17T00:57:00Z","2026-03-17T00:57:00Z","6052458","application/zip","1","1","linux","x64","full","rpm","manual-only","current"
"2026-07-17T00:55:38.805Z","297729884","v0.4.0","stable","2026-03-17T00:50:20Z","false","375375889","CMTrace.Open_0.4.0_aarch64.dmg","2026-03-17T00:53:43Z","2026-03-17T00:53:45Z","5782025","application/zip","3","0","macos","arm64","full","dmg","manual-only","current"
"2026-07-17T00:55:38.805Z","297729884","v0.4.0","stable","2026-03-17T00:50:20Z","false","375375904","CMTrace.Open_aarch64.app.tar.gz","2026-03-17T00:53:45Z","2026-03-17T00:53:46Z","5514834","application/zip","2","0","unknown","unknown","unknown","unknown","unknown","current"
"2026-07-17T00:55:38.805Z","297729884","v0.4.0","stable","2026-03-17T00:50:20Z","false","375380083","CMTrace-Open_0.4.0_arm64.msi","2026-03-17T01:02:23Z","2026-03-17T01:02:24Z","5804032","application/octet-stream","157","1","windows","arm64","full","msi","manual-only","current"
"2026-07-17T00:55:38.805Z","297729884","v0.4.0","stable","2026-03-17T00:50:20Z","false","375380084","CMTrace-Open_0.4.0_arm64.exe","2026-03-17T01:02:23Z","2026-03-17T01:02:24Z","14653912","application/x-msdownload","2","0","windows","arm64","full","portable-exe","manual-only","current"
"2026-07-17T00:55:38.805Z","297729884","v0.4.0","stable","2026-03-17T00:50:20Z","false","375380288","CMTrace-Open_0.4.0_x64.msi","2026-03-17T01:02:48Z","2026-03-17T01:02:49Z","6164480","application/octet-stream","199","1","windows","x64","full","msi","manual-only","current"
"2026-07-17T00:55:38.805Z","297729884","v0.4.0","stable","2026-03-17T00:50:20Z","false","375380287","CMTrace-Open_0.4.0_x64.exe","2026-03-17T01:02:48Z","2026-03-17T01:02:49Z","17716184","application/x-msdownload","14","0","windows","x64","full","portable-exe","manual-only","current"
"2026-07-17T00:55:38.805Z","299814348","v0.5.0","stable","2026-03-21T22:26:25Z","false","378764533","CMTrace.Open_0.5.0_amd64.AppImage","2026-03-21T22:30:12Z","2026-03-21T22:30:14Z","79059448","application/zip","5","0","linux","x64","full","appimage","mixed-manual-update","current"
"2026-07-17T00:55:38.805Z","299814348","v0.5.0","stable","2026-03-21T22:26:25Z","false","378764515","CMTrace.Open_0.5.0_amd64.deb","2026-03-21T22:30:11Z","2026-03-21T22:30:11Z","6571584","application/zip","2","0","linux","x64","full","deb","manual-only","current"
"2026-07-17T00:55:38.805Z","299814348","v0.5.0","stable","2026-03-21T22:26:25Z","false","378764524","CMTrace.Open-0.5.0-1.x86_64.rpm","2026-03-21T22:30:11Z","2026-03-21T22:30:12Z","6572029","application/zip","4","0","linux","x64","full","rpm","manual-only","current"
"2026-07-17T00:55:38.805Z","299814348","v0.5.0","stable","2026-03-21T22:26:25Z","false","378763719","CMTrace.Open_0.5.0_aarch64.dmg","2026-03-21T22:27:45Z","2026-03-21T22:27:46Z","10870548","application/zip","5","0","macos","arm64","full","dmg","manual-only","current"
"2026-07-17T00:55:38.805Z","299814348","v0.5.0","stable","2026-03-21T22:26:25Z","false","378763725","CMTrace.Open_aarch64.app.tar.gz","2026-03-21T22:27:46Z","2026-03-21T22:27:47Z","8298964","application/zip","4","0","unknown","unknown","unknown","unknown","unknown","current"
"2026-07-17T00:55:38.805Z","299814348","v0.5.0","stable","2026-03-21T22:26:25Z","false","378766583","CMTrace-Open_0.5.0_arm64.msi","2026-03-21T22:36:14Z","2026-03-21T22:36:15Z","6168576","application/octet-stream","146","1","windows","arm64","full","msi","manual-only","current"
"2026-07-17T00:55:38.805Z","299814348","v0.5.0","stable","2026-03-21T22:26:25Z","false","378766582","CMTrace-Open_0.5.0_arm64.exe","2026-03-21T22:36:14Z","2026-03-21T22:36:15Z","15104112","application/x-msdownload","146","2","windows","arm64","full","portable-exe","manual-only","current"
"2026-07-17T00:55:38.805Z","299814348","v0.5.0","stable","2026-03-21T22:26:25Z","false","378766808","CMTrace-Open_0.5.0_x64.msi","2026-03-21T22:37:00Z","2026-03-21T22:37:01Z","6516736","application/octet-stream","152","1","windows","x64","full","msi","manual-only","current"
"2026-07-17T00:55:38.805Z","299814348","v0.5.0","stable","2026-03-21T22:26:25Z","false","378766807","CMTrace-Open_0.5.0_x64.exe","2026-03-21T22:37:00Z","2026-03-21T22:37:01Z","18155472","application/x-msdownload","151","1","windows","x64","full","portable-exe","manual-only","current"
"2026-07-17T00:55:38.805Z","299921491","v0.5.1","stable","2026-03-22T16:06:43Z","false","379164768","CMTrace.Open_0.5.1_amd64.AppImage","2026-03-22T16:08:23Z","2026-03-22T16:08:26Z","79063544","application/zip","2","0","linux","x64","full","appimage","mixed-manual-update","current"
"2026-07-17T00:55:38.805Z","299921491","v0.5.1","stable","2026-03-22T16:06:43Z","false","379164751","CMTrace.Open_0.5.1_amd64.deb","2026-03-22T16:08:20Z","2026-03-22T16:08:21Z","6570130","application/zip","2","0","linux","x64","full","deb","manual-only","current"
"2026-07-17T00:55:38.805Z","299921491","v0.5.1","stable","2026-03-22T16:06:43Z","false","379164755","CMTrace.Open-0.5.1-1.x86_64.rpm","2026-03-22T16:08:21Z","2026-03-22T16:08:22Z","6570873","application/zip","2","0","linux","x64","full","rpm","manual-only","current"
"2026-07-17T00:55:38.805Z","299921491","v0.5.1","stable","2026-03-22T16:06:43Z","false","379164148","CMTrace.Open_0.5.1_aarch64.dmg","2026-03-22T16:06:44Z","2026-03-22T16:06:45Z","10884213","application/zip","24","0","macos","arm64","full","dmg","manual-only","current"
"2026-07-17T00:55:38.805Z","299921491","v0.5.1","stable","2026-03-22T16:06:43Z","false","379164158","CMTrace.Open_aarch64.app.tar.gz","2026-03-22T16:06:46Z","2026-03-22T16:06:47Z","8304539","application/zip","0","0","unknown","unknown","unknown","unknown","unknown","current"
"2026-07-17T00:55:38.805Z","299921491","v0.5.1","stable","2026-03-22T16:06:43Z","false","379166318","CMTrace-Open_0.5.1_arm64.msi","2026-03-22T16:13:02Z","2026-03-22T16:13:03Z","6172672","application/octet-stream","181","1","windows","arm64","full","msi","manual-only","current"
"2026-07-17T00:55:38.805Z","299921491","v0.5.1","stable","2026-03-22T16:06:43Z","false","379166317","CMTrace-Open_0.5.1_arm64.exe","2026-03-22T16:13:02Z","2026-03-22T16:13:03Z","15104984","application/x-msdownload","146","1","windows","arm64","full","portable-exe","manual-only","current"
"2026-07-17T00:55:38.805Z","299921491","v0.5.1","stable","2026-03-22T16:06:43Z","false","379165928","CMTrace-Open_0.5.1_x64.msi","2026-03-22T16:12:07Z","2026-03-22T16:12:08Z","6516736","application/octet-stream","376","1","windows","x64","full","msi","manual-only","current"
"2026-07-17T00:55:38.805Z","299921491","v0.5.1","stable","2026-03-22T16:06:43Z","false","379165927","CMTrace-Open_0.5.1_x64.exe","2026-03-22T16:12:07Z","2026-03-22T16:12:08Z","18155480","application/x-msdownload","301","1","windows","x64","full","portable-exe","manual-only","current"
"2026-07-17T00:55:38.805Z","301211821","v0.6.0","stable","2026-03-25T13:36:59Z","true","381283331","CMTrace.Open_0.6.0_amd64.AppImage","2026-03-25T13:44:14Z","2026-03-25T13:44:16Z","79231480","application/zip","1","0","linux","x64","full","appimage","mixed-manual-update","current"
"2026-07-17T00:55:38.805Z","301211821","v0.6.0","stable","2026-03-25T13:36:59Z","true","381283316","CMTrace.Open_0.6.0_amd64.deb","2026-03-25T13:44:13Z","2026-03-25T13:44:13Z","6752466","application/zip","1","0","linux","x64","full","deb","manual-only","current"
"2026-07-17T00:55:38.805Z","301211821","v0.6.0","stable","2026-03-25T13:36:59Z","true","381283322","CMTrace.Open-0.6.0-1.x86_64.rpm","2026-03-25T13:44:13Z","2026-03-25T13:44:14Z","6752049","application/zip","0","0","linux","x64","full","rpm","manual-only","current"
"2026-07-17T00:55:38.805Z","301211821","v0.6.0","stable","2026-03-25T13:36:59Z","true","381283140","CMTrace.Open_0.6.0_aarch64.dmg","2026-03-25T13:43:57Z","2026-03-25T13:43:59Z","11040265","application/zip","3","0","macos","arm64","full","dmg","manual-only","current"
"2026-07-17T00:55:38.805Z","301211821","v0.6.0","stable","2026-03-25T13:36:59Z","true","381283178","CMTrace.Open_aarch64.app.tar.gz","2026-03-25T13:43:59Z","2026-03-25T13:44:09Z","8460067","application/zip","0","0","unknown","unknown","unknown","unknown","unknown","current"
"2026-07-17T00:55:38.805Z","301211821","v0.6.0","stable","2026-03-25T13:36:59Z","true","381286962","CMTrace-Open_0.6.0_arm64.msi","2026-03-25T13:48:50Z","2026-03-25T13:48:51Z","6303744","application/octet-stream","3","0","windows","arm64","full","msi","manual-only","current"
"2026-07-17T00:55:38.805Z","301211821","v0.6.0","stable","2026-03-25T13:36:59Z","true","381286965","CMTrace-Open_0.6.0_arm64.exe","2026-03-25T13:48:50Z","2026-03-25T13:48:51Z","15447000","application/x-msdownload","2","0","windows","arm64","full","portable-exe","manual-only","current"
"2026-07-17T00:55:38.805Z","301211821","v0.6.0","stable","2026-03-25T13:36:59Z","true","381287012","CMTrace-Open_0.6.0_x64.msi","2026-03-25T13:48:55Z","2026-03-25T13:48:56Z","6664192","application/octet-stream","12","0","windows","x64","full","msi","manual-only","current"
"2026-07-17T00:55:38.805Z","301211821","v0.6.0","stable","2026-03-25T13:36:59Z","true","381287011","CMTrace-Open_0.6.0_x64.exe","2026-03-25T13:48:55Z","2026-03-25T13:48:56Z","18597336","application/x-msdownload","26","0","windows","x64","full","portable-exe","manual-only","current"
"2026-07-17T00:55:38.805Z","303720209","v0.6.0-pre1","stable","2026-03-31T13:54:22Z","false","385570118","CMTrace.Open_0.6.0-pre1_aarch64.dmg","2026-03-31T13:56:21Z","2026-03-31T13:56:22Z","11046612","application/zip","1","0","unknown","unknown","unknown","unknown","unknown","current"
"2026-07-17T00:55:38.805Z","303720209","v0.6.0-pre1","stable","2026-03-31T13:54:22Z","false","385570129","CMTrace.Open_aarch64.app.tar.gz","2026-03-31T13:56:23Z","2026-03-31T13:56:24Z","8465785","application/zip","1","0","unknown","unknown","unknown","unknown","unknown","current"
"2026-07-17T00:55:38.805Z","303720209","v0.6.0-pre1","stable","2026-03-31T13:54:22Z","false","385571622","CMTrace.Open_0.6.0-pre1_amd64.deb","2026-03-31T13:58:45Z","2026-03-31T13:58:46Z","6752652","application/zip","0","0","unknown","unknown","unknown","unknown","unknown","current"
"2026-07-17T00:55:38.805Z","303720209","v0.6.0-pre1","stable","2026-03-31T13:54:22Z","false","385571631","CMTrace.Open-0.6.0-pre1-1.x86_64.rpm","2026-03-31T13:58:46Z","2026-03-31T13:58:46Z","6753182","application/zip","1","0","unknown","unknown","unknown","unknown","unknown","current"
"2026-07-17T00:55:38.805Z","303720209","v0.6.0-pre1","stable","2026-03-31T13:54:22Z","false","385571636","CMTrace.Open_0.6.0-pre1_amd64.AppImage","2026-03-31T13:58:47Z","2026-03-31T13:58:49Z","79239672","application/zip","1","0","unknown","unknown","unknown","unknown","unknown","current"
"2026-07-17T00:55:38.805Z","302767781","v1.0.0","stable","2026-03-28T23:54:27Z","false","383767335","CMTrace.Open_1.0.0_amd64.AppImage","2026-03-29T00:00:47Z","2026-03-29T00:00:50Z","79264248","application/zip","1","0","linux","x64","full","appimage","mixed-manual-update","current"
"2026-07-17T00:55:38.805Z","302767781","v1.0.0","stable","2026-03-28T23:54:27Z","false","383767327","CMTrace.Open_1.0.0_amd64.deb","2026-03-29T00:00:46Z","2026-03-29T00:00:46Z","6783656","application/zip","0","0","linux","x64","full","deb","manual-only","current"
"2026-07-17T00:55:38.805Z","302767781","v1.0.0","stable","2026-03-28T23:54:27Z","false","383767329","CMTrace.Open-1.0.0-1.x86_64.rpm","2026-03-29T00:00:47Z","2026-03-29T00:00:47Z","6786219","application/zip","1","0","linux","x64","full","rpm","manual-only","current"
"2026-07-17T00:55:38.805Z","302767781","v1.0.0","stable","2026-03-28T23:54:27Z","false","383766725","CMTrace.Open_1.0.0_aarch64.dmg","2026-03-28T23:58:55Z","2026-03-28T23:58:56Z","11097274","application/zip","5","0","macos","arm64","full","dmg","manual-only","current"
"2026-07-17T00:55:38.805Z","302767781","v1.0.0","stable","2026-03-28T23:54:27Z","false","383766735","CMTrace.Open_aarch64.app.tar.gz","2026-03-28T23:58:57Z","2026-03-28T23:58:58Z","8507265","application/zip","1","0","unknown","unknown","unknown","unknown","unknown","current"
"2026-07-17T00:55:38.805Z","302767781","v1.0.0","stable","2026-03-28T23:54:27Z","false","383768562","CMTrace-Open_1.0.0_arm64.msi","2026-03-29T00:04:50Z","2026-03-29T00:04:51Z","6447104","application/octet-stream","150","1","windows","arm64","full","msi","manual-only","current"
"2026-07-17T00:55:38.805Z","302767781","v1.0.0","stable","2026-03-28T23:54:27Z","false","383768563","CMTrace-Open_1.0.0_arm64.exe","2026-03-29T00:04:50Z","2026-03-29T00:04:52Z","15914456","application/x-msdownload","142","1","windows","arm64","full","portable-exe","manual-only","current"
"2026-07-17T00:55:38.805Z","302767781","v1.0.0","stable","2026-03-28T23:54:27Z","false","383768990","CMTrace-Open_1.0.0_x64.msi","2026-03-29T00:05:57Z","2026-03-29T00:05:58Z","6819840","application/octet-stream","197","1","windows","x64","full","msi","manual-only","current"
"2026-07-17T00:55:38.805Z","302767781","v1.0.0","stable","2026-03-28T23:54:27Z","false","383768989","CMTrace-Open_1.0.0_x64.exe","2026-03-29T00:05:57Z","2026-03-29T00:05:58Z","19135960","application/x-msdownload","203","1","windows","x64","full","portable-exe","manual-only","current"
"2026-07-17T00:55:38.805Z","302774559","v1.0.1","stable","2026-03-29T01:05:41Z","false","383793279","CMTrace.Open_1.0.1_amd64.AppImage","2026-03-29T01:10:08Z","2026-03-29T01:10:11Z","79256056","application/zip","1","0","linux","x64","full","appimage","mixed-manual-update","current"
"2026-07-17T00:55:38.805Z","302774559","v1.0.1","stable","2026-03-29T01:05:41Z","false","383793269","CMTrace.Open_1.0.1_amd64.deb","2026-03-29T01:10:07Z","2026-03-29T01:10:07Z","6783374","application/zip","2","0","linux","x64","full","deb","manual-only","current"
"2026-07-17T00:55:38.805Z","302774559","v1.0.1","stable","2026-03-29T01:05:41Z","false","383793272","CMTrace.Open-1.0.1-1.x86_64.rpm","2026-03-29T01:10:08Z","2026-03-29T01:10:08Z","6786282","application/zip","0","0","linux","x64","full","rpm","manual-only","current"
"2026-07-17T00:55:38.805Z","302774559","v1.0.1","stable","2026-03-29T01:05:41Z","false","383792717","CMTrace.Open_1.0.1_aarch64.dmg","2026-03-29T01:08:44Z","2026-03-29T01:08:45Z","11079666","application/zip","5","0","macos","arm64","full","dmg","manual-only","current"
"2026-07-17T00:55:38.805Z","302774559","v1.0.1","stable","2026-03-29T01:05:41Z","false","383792724","CMTrace.Open_aarch64.app.tar.gz","2026-03-29T01:08:45Z","2026-03-29T01:08:46Z","8491875","application/zip","1","0","unknown","unknown","unknown","unknown","unknown","current"
"2026-07-17T00:55:38.805Z","302774559","v1.0.1","stable","2026-03-29T01:05:41Z","false","383796202","CMTrace-Open_1.0.1_arm64.msi","2026-03-29T01:17:59Z","2026-03-29T01:18:00Z","6451200","application/octet-stream","151","1","windows","arm64","full","msi","manual-only","current"
"2026-07-17T00:55:38.805Z","302774559","v1.0.1","stable","2026-03-29T01:05:41Z","false","383796201","CMTrace-Open_1.0.1_arm64.exe","2026-03-29T01:17:59Z","2026-03-29T01:18:00Z","15914456","application/x-msdownload","150","1","windows","arm64","full","portable-exe","manual-only","current"
"2026-07-17T00:55:38.805Z","302774559","v1.0.1","stable","2026-03-29T01:05:41Z","false","383795544","CMTrace-Open_1.0.1_x64.msi","2026-03-29T01:16:41Z","2026-03-29T01:16:41Z","6823936","application/octet-stream","211","1","windows","x64","full","msi","manual-only","current"
"2026-07-17T00:55:38.805Z","302774559","v1.0.1","stable","2026-03-29T01:05:41Z","false","383795543","CMTrace-Open_1.0.1_x64.exe","2026-03-29T01:16:41Z","2026-03-29T01:16:42Z","19135960","application/x-msdownload","176","1","windows","x64","full","portable-exe","manual-only","current"
"2026-07-17T00:55:38.805Z","302924813","v1.0.2","stable","2026-03-29T23:12:22Z","false","384262167","latest.json","2026-03-29T23:25:17Z","2026-03-29T23:25:17Z","1379","application/json","170","0","cross-platform","unknown","not-applicable","updater-manifest","updater-only","current"
"2026-07-17T00:55:38.805Z","302924813","v1.0.2","stable","2026-03-29T23:12:22Z","false","384261988","CMTrace-Open_1.0.2_arm64.msi","2026-03-29T23:24:51Z","2026-03-29T23:24:52Z","7114752","application/octet-stream","151","1","windows","arm64","full","msi","manual-only","current"
"2026-07-17T00:55:38.805Z","302924813","v1.0.2","stable","2026-03-29T23:12:22Z","false","384261987","CMTrace-Open_1.0.2_arm64-setup.exe","2026-03-29T23:24:51Z","2026-03-29T23:24:52Z","4757848","application/x-msdownload","152","1","windows","arm64","full","nsis-setup","mixed-manual-update","current"
"2026-07-17T00:55:38.805Z","302924813","v1.0.2","stable","2026-03-29T23:12:22Z","false","384261989","CMTrace-Open_1.0.2_arm64.exe","2026-03-29T23:24:51Z","2026-03-29T23:24:53Z","17584592","application/x-msdownload","144","1","windows","arm64","full","portable-exe","manual-only","current"
"2026-07-17T00:55:38.805Z","302924813","v1.0.2","stable","2026-03-29T23:12:22Z","false","384261723","CMTrace-Open_1.0.2_x64.msi","2026-03-29T23:24:01Z","2026-03-29T23:24:02Z","7516160","application/octet-stream","297","2","windows","x64","full","msi","manual-only","current"
"2026-07-17T00:55:38.805Z","302924813","v1.0.2","stable","2026-03-29T23:12:22Z","false","384261724","CMTrace-Open_1.0.2_x64-setup.exe","2026-03-29T23:24:01Z","2026-03-29T23:24:01Z","5313704","application/x-msdownload","194","2","windows","x64","full","nsis-setup","mixed-manual-update","current"
"2026-07-17T00:55:38.805Z","302924813","v1.0.2","stable","2026-03-29T23:12:22Z","false","384261722","CMTrace-Open_1.0.2_x64.exe","2026-03-29T23:24:01Z","2026-03-29T23:24:02Z","21092304","application/x-msdownload","237","1","windows","x64","full","portable-exe","manual-only","current"
"2026-07-17T00:55:38.805Z","303746720","v1.0.3","stable","2026-03-31T15:46:15Z","false","385631179","latest.json","2026-03-31T15:42:08Z","2026-03-31T15:42:08Z","5216","application/json","610","0","cross-platform","unknown","not-applicable","updater-manifest","updater-only","current"
"2026-07-17T00:55:38.805Z","303746720","v1.0.3","stable","2026-03-31T15:46:15Z","false","385626475","CMTrace.Open_1.0.3_amd64.AppImage","2026-03-31T15:33:28Z","2026-03-31T15:33:32Z","80566776","application/zip","2","0","linux","x64","full","appimage","mixed-manual-update","current"
"2026-07-17T00:55:38.805Z","303746720","v1.0.3","stable","2026-03-31T15:46:15Z","false","385626431","CMTrace.Open_1.0.3_amd64.deb","2026-03-31T15:33:24Z","2026-03-31T15:33:24Z","8262694","application/zip","2","0","linux","x64","full","deb","manual-only","current"
"2026-07-17T00:55:38.805Z","303746720","v1.0.3","stable","2026-03-31T15:46:15Z","false","385626449","CMTrace.Open-1.0.3-1.x86_64.rpm","2026-03-31T15:33:26Z","2026-03-31T15:33:27Z","8263791","application/zip","2","0","linux","x64","full","rpm","manual-only","current"
"2026-07-17T00:55:38.805Z","303746720","v1.0.3","stable","2026-03-31T15:46:15Z","false","385626440","CMTrace.Open_1.0.3_amd64.deb.sig","2026-03-31T15:33:25Z","2026-03-31T15:33:25Z","420","application/zip","0","0","linux","x64","full","signature","supporting-file","current"
"2026-07-17T00:55:38.805Z","303746720","v1.0.3","stable","2026-03-31T15:46:15Z","false","385626467","CMTrace.Open-1.0.3-1.x86_64.rpm.sig","2026-03-31T15:33:27Z","2026-03-31T15:33:28Z","424","application/zip","1","0","linux","x64","full","signature","supporting-file","current"
"2026-07-17T00:55:38.805Z","303746720","v1.0.3","stable","2026-03-31T15:46:15Z","false","385626505","CMTrace.Open_1.0.3_amd64.AppImage.sig","2026-03-31T15:33:32Z","2026-03-31T15:33:33Z","424","application/zip","0","0","linux","x64","full","signature","supporting-file","current"
"2026-07-17T00:55:38.805Z","303746720","v1.0.3","stable","2026-03-31T15:46:15Z","false","385626126","CMTrace.Open_1.0.3_aarch64.dmg","2026-03-31T15:32:46Z","2026-03-31T15:32:47Z","9016206","application/zip","11","0","macos","arm64","full","dmg","manual-only","current"
"2026-07-17T00:55:38.805Z","303746720","v1.0.3","stable","2026-03-31T15:46:15Z","false","385626165","CMTrace.Open_aarch64.app.tar.gz.sig","2026-03-31T15:32:50Z","2026-03-31T15:32:50Z","412","application/zip","0","0","unknown","unknown","unknown","signature","supporting-file","current"
"2026-07-17T00:55:38.805Z","303746720","v1.0.3","stable","2026-03-31T15:46:15Z","false","385626148","CMTrace.Open_aarch64.app.tar.gz","2026-03-31T15:32:48Z","2026-03-31T15:32:49Z","8406121","application/zip","2","0","unknown","unknown","unknown","unknown","unknown","current"
"2026-07-17T00:55:38.805Z","303746720","v1.0.3","stable","2026-03-31T15:46:15Z","false","385631148","CMTrace-Open_1.0.3_arm64.msi","2026-03-31T15:42:03Z","2026-03-31T15:42:04Z","10887168","application/octet-stream","8","0","windows","arm64","full","msi","manual-only","current"
"2026-07-17T00:55:38.805Z","303746720","v1.0.3","stable","2026-03-31T15:46:15Z","false","385631150","CMTrace-Open_1.0.3_arm64-setup.exe","2026-03-31T15:42:03Z","2026-03-31T15:42:04Z","4773880","application/x-msdownload","2","0","windows","arm64","full","nsis-setup","mixed-manual-update","current"
"2026-07-17T00:55:38.805Z","303746720","v1.0.3","stable","2026-03-31T15:46:15Z","false","385631146","CMTrace-Open_1.0.3_arm64.exe","2026-03-31T15:42:03Z","2026-03-31T15:42:04Z","17607640","application/x-msdownload","5","0","windows","arm64","full","portable-exe","manual-only","current"
"2026-07-17T00:55:38.805Z","303746720","v1.0.3","stable","2026-03-31T15:46:15Z","false","385631147","CMTrace-Open-Lite_1.0.3_arm64.exe","2026-03-31T15:42:03Z","2026-03-31T15:42:04Z","15125976","application/x-msdownload","4","0","windows","arm64","lite","portable-exe","manual-only","current"
"2026-07-17T00:55:38.805Z","303746720","v1.0.3","stable","2026-03-31T15:46:15Z","false","385631048","CMTrace-Open_1.0.3_x64.msi","2026-03-31T15:41:44Z","2026-03-31T15:41:45Z","11563008","application/octet-stream","88","0","windows","x64","full","msi","manual-only","current"
"2026-07-17T00:55:38.805Z","303746720","v1.0.3","stable","2026-03-31T15:46:15Z","false","385631046","CMTrace-Open_1.0.3_x64-setup.exe","2026-03-31T15:41:44Z","2026-03-31T15:41:44Z","5312536","application/x-msdownload","52","0","windows","x64","full","nsis-setup","mixed-manual-update","current"
"2026-07-17T00:55:38.805Z","303746720","v1.0.3","stable","2026-03-31T15:46:15Z","false","385631045","CMTrace-Open_1.0.3_x64.exe","2026-03-31T15:41:44Z","2026-03-31T15:41:45Z","21145560","application/x-msdownload","74","0","windows","x64","full","portable-exe","manual-only","current"
"2026-07-17T00:55:38.805Z","303746720","v1.0.3","stable","2026-03-31T15:46:15Z","false","385631047","CMTrace-Open-Lite_1.0.3_x64.exe","2026-03-31T15:41:44Z","2026-03-31T15:41:45Z","18149848","application/x-msdownload","47","0","windows","x64","lite","portable-exe","manual-only","current"
"2026-07-17T00:55:38.805Z","305463109","v1.1.0","stable","2026-04-05T19:36:11Z","false","389499929","latest.json","2026-04-05T19:29:33Z","2026-04-05T19:29:33Z","5217","application/json","1672","0","cross-platform","unknown","not-applicable","updater-manifest","updater-only","current"
"2026-07-17T00:55:38.805Z","305463109","v1.1.0","stable","2026-04-05T19:36:11Z","false","389495988","CMTrace.Open_1.1.0_amd64.AppImage","2026-04-05T19:20:25Z","2026-04-05T19:20:28Z","80804344","application/zip","2","0","linux","x64","full","appimage","mixed-manual-update","current"
"2026-07-17T00:55:38.805Z","305463109","v1.1.0","stable","2026-04-05T19:36:11Z","false","389495958","CMTrace.Open_1.1.0_amd64.deb","2026-04-05T19:20:22Z","2026-04-05T19:20:23Z","8537936","application/zip","2","0","linux","x64","full","deb","manual-only","current"
"2026-07-17T00:55:38.805Z","305463109","v1.1.0","stable","2026-04-05T19:36:11Z","false","389495969","CMTrace.Open-1.1.0-1.x86_64.rpm","2026-04-05T19:20:24Z","2026-04-05T19:20:25Z","8537023","application/zip","4","0","linux","x64","full","rpm","manual-only","current"
"2026-07-17T00:55:38.805Z","305463109","v1.1.0","stable","2026-04-05T19:36:11Z","false","389495965","CMTrace.Open_1.1.0_amd64.deb.sig","2026-04-05T19:20:23Z","2026-04-05T19:20:23Z","420","application/zip","0","0","linux","x64","full","signature","supporting-file","current"
"2026-07-17T00:55:38.805Z","305463109","v1.1.0","stable","2026-04-05T19:36:11Z","false","389495983","CMTrace.Open-1.1.0-1.x86_64.rpm.sig","2026-04-05T19:20:25Z","2026-04-05T19:20:25Z","424","application/zip","1","0","linux","x64","full","signature","supporting-file","current"
"2026-07-17T00:55:38.805Z","305463109","v1.1.0","stable","2026-04-05T19:36:11Z","false","389496003","CMTrace.Open_1.1.0_amd64.AppImage.sig","2026-04-05T19:20:29Z","2026-04-05T19:20:29Z","424","application/zip","0","0","linux","x64","full","signature","supporting-file","current"
"2026-07-17T00:55:38.805Z","305463109","v1.1.0","stable","2026-04-05T19:36:11Z","false","389495848","CMTrace.Open_1.1.0_aarch64.dmg","2026-04-05T19:20:07Z","2026-04-05T19:20:07Z","9278272","application/zip","24","0","macos","arm64","full","dmg","manual-only","current"
"2026-07-17T00:55:38.805Z","305463109","v1.1.0","stable","2026-04-05T19:36:11Z","false","389495874","CMTrace.Open_aarch64.app.tar.gz.sig","2026-04-05T19:20:09Z","2026-04-05T19:20:09Z","412","application/zip","0","0","unknown","unknown","unknown","signature","supporting-file","current"
"2026-07-17T00:55:38.805Z","305463109","v1.1.0","stable","2026-04-05T19:36:11Z","false","389495867","CMTrace.Open_aarch64.app.tar.gz","2026-04-05T19:20:08Z","2026-04-05T19:20:08Z","8661211","application/zip","2","0","unknown","unknown","unknown","unknown","unknown","current"
"2026-07-17T00:55:38.805Z","305463109","v1.1.0","stable","2026-04-05T19:36:11Z","false","389499523","CMTrace-Open_1.1.0_arm64.msi","2026-04-05T19:28:45Z","2026-04-05T19:28:46Z","11464704","application/octet-stream","206","1","windows","arm64","full","msi","manual-only","current"
"2026-07-17T00:55:38.805Z","305463109","v1.1.0","stable","2026-04-05T19:36:11Z","false","389499522","CMTrace-Open_1.1.0_arm64-setup.exe","2026-04-05T19:28:45Z","2026-04-05T19:28:46Z","5006312","application/x-msdownload","9","0","windows","arm64","full","nsis-setup","mixed-manual-update","current"
"2026-07-17T00:55:38.805Z","305463109","v1.1.0","stable","2026-04-05T19:36:11Z","false","389499520","CMTrace-Open_1.1.0_arm64.exe","2026-04-05T19:28:45Z","2026-04-05T19:28:46Z","18353264","application/x-msdownload","162","1","windows","arm64","full","portable-exe","manual-only","current"
"2026-07-17T00:55:38.805Z","305463109","v1.1.0","stable","2026-04-05T19:36:11Z","false","389499521","CMTrace-Open-Lite_1.1.0_arm64.exe","2026-04-05T19:28:45Z","2026-04-05T19:28:46Z","15809136","application/x-msdownload","9","0","windows","arm64","lite","portable-exe","manual-only","current"
"2026-07-17T00:55:38.805Z","305463109","v1.1.0","stable","2026-04-05T19:36:11Z","false","389499895","CMTrace-Open_1.1.0_x64.msi","2026-04-05T19:29:28Z","2026-04-05T19:29:29Z","12173312","application/octet-stream","488","1","windows","x64","full","msi","manual-only","current"
"2026-07-17T00:55:38.805Z","305463109","v1.1.0","stable","2026-04-05T19:36:11Z","false","389499893","CMTrace-Open_1.1.0_x64-setup.exe","2026-04-05T19:29:28Z","2026-04-05T19:29:29Z","5568512","application/x-msdownload","152","0","windows","x64","full","nsis-setup","mixed-manual-update","current"
"2026-07-17T00:55:38.805Z","305463109","v1.1.0","stable","2026-04-05T19:36:11Z","false","389499891","CMTrace-Open_1.1.0_x64.exe","2026-04-05T19:29:28Z","2026-04-05T19:29:31Z","21914576","application/x-msdownload","467","1","windows","x64","full","portable-exe","manual-only","current"
"2026-07-17T00:55:38.805Z","305463109","v1.1.0","stable","2026-04-05T19:36:11Z","false","389499892","CMTrace-Open-Lite_1.1.0_x64.exe","2026-04-05T19:29:28Z","2026-04-05T19:29:29Z","18890712","application/x-msdownload","128","0","windows","x64","lite","portable-exe","manual-only","current"
"2026-07-17T00:55:38.805Z","309102232","v1.2.0","stable","2026-04-15T00:57:51Z","false","396602289","sbom-npm.cdx.json","2026-04-15T00:11:54Z","2026-04-15T00:11:55Z","436385","application/json","0","0","cross-platform","unknown","not-applicable","sbom","supporting-file","current"
"2026-07-17T00:55:38.805Z","309102232","v1.2.0","stable","2026-04-15T00:57:51Z","false","396602290","sbom-rust.cdx.json","2026-04-15T00:11:54Z","2026-04-15T00:11:55Z","578147","application/json","0","0","cross-platform","unknown","not-applicable","sbom","supporting-file","current"
"2026-07-17T00:55:38.805Z","309102232","v1.2.0","stable","2026-04-15T00:57:51Z","false","396608892","latest.json","2026-04-15T00:24:48Z","2026-04-15T00:24:49Z","5216","application/json","688","0","cross-platform","unknown","not-applicable","updater-manifest","updater-only","current"
"2026-07-17T00:55:38.805Z","309102232","v1.2.0","stable","2026-04-15T00:57:51Z","false","396602260","CMTrace.Open_1.2.0_amd64.AppImage","2026-04-15T00:11:48Z","2026-04-15T00:11:51Z","80968184","application/zip","2","0","linux","x64","full","appimage","mixed-manual-update","current"
"2026-07-17T00:55:38.805Z","309102232","v1.2.0","stable","2026-04-15T00:57:51Z","false","396602243","CMTrace.Open_1.2.0_amd64.deb","2026-04-15T00:11:46Z","2026-04-15T00:11:46Z","8698934","application/zip","2","0","linux","x64","full","deb","manual-only","current"
"2026-07-17T00:55:38.805Z","309102232","v1.2.0","stable","2026-04-15T00:57:51Z","false","396602255","CMTrace.Open-1.2.0-1.x86_64.rpm","2026-04-15T00:11:47Z","2026-04-15T00:11:48Z","8697863","application/zip","1","0","linux","x64","full","rpm","manual-only","current"
"2026-07-17T00:55:38.805Z","309102232","v1.2.0","stable","2026-04-15T00:57:51Z","false","396602248","CMTrace.Open_1.2.0_amd64.deb.sig","2026-04-15T00:11:47Z","2026-04-15T00:11:47Z","420","application/zip","0","0","linux","x64","full","signature","supporting-file","current"
"2026-07-17T00:55:38.805Z","309102232","v1.2.0","stable","2026-04-15T00:57:51Z","false","396602258","CMTrace.Open-1.2.0-1.x86_64.rpm.sig","2026-04-15T00:11:48Z","2026-04-15T00:11:48Z","424","application/zip","0","0","linux","x64","full","signature","supporting-file","current"
"2026-07-17T00:55:38.805Z","309102232","v1.2.0","stable","2026-04-15T00:57:51Z","false","396602274","CMTrace.Open_1.2.0_amd64.AppImage.sig","2026-04-15T00:11:51Z","2026-04-15T00:11:51Z","424","application/zip","0","0","linux","x64","full","signature","supporting-file","current"
"2026-07-17T00:55:38.805Z","309102232","v1.2.0","stable","2026-04-15T00:57:51Z","false","396601981","CMTrace.Open_1.2.0_aarch64.dmg","2026-04-15T00:11:16Z","2026-04-15T00:11:17Z","9442894","application/zip","13","0","macos","arm64","full","dmg","manual-only","current"
"2026-07-17T00:55:38.805Z","309102232","v1.2.0","stable","2026-04-15T00:57:51Z","false","396601998","CMTrace.Open_aarch64.app.tar.gz.sig","2026-04-15T00:11:18Z","2026-04-15T00:11:19Z","412","application/zip","0","0","unknown","unknown","unknown","signature","supporting-file","current"
"2026-07-17T00:55:38.805Z","309102232","v1.2.0","stable","2026-04-15T00:57:51Z","false","396601987","CMTrace.Open_aarch64.app.tar.gz","2026-04-15T00:11:17Z","2026-04-15T00:11:18Z","8840265","application/zip","4","0","unknown","unknown","unknown","unknown","unknown","current"
"2026-07-17T00:55:38.805Z","309102232","v1.2.0","stable","2026-04-15T00:57:51Z","false","396608854","CMTrace-Open_1.2.0_arm64.msi","2026-04-15T00:24:44Z","2026-04-15T00:24:45Z","11857920","application/octet-stream","162","1","windows","arm64","full","msi","manual-only","current"
"2026-07-17T00:55:38.805Z","309102232","v1.2.0","stable","2026-04-15T00:57:51Z","false","396608871","CMTrace-Open_1.2.0_arm64-setup.exe","2026-04-15T00:24:44Z","2026-04-15T00:24:45Z","5188496","application/x-msdownload","3","0","windows","arm64","full","nsis-setup","mixed-manual-update","current"
"2026-07-17T00:55:38.805Z","309102232","v1.2.0","stable","2026-04-15T00:57:51Z","false","396608870","CMTrace-Open-Lite_1.2.0_arm64.exe","2026-04-15T00:24:44Z","2026-04-15T00:24:45Z","16160536","application/x-msdownload","6","0","windows","arm64","lite","portable-exe","manual-only","current"
"2026-07-17T00:55:38.805Z","309102232","v1.2.0","stable","2026-04-15T00:57:51Z","false","396608872","CMTrace-Open_1.2.0_arm64.exe","2026-04-15T00:24:44Z","2026-04-15T00:24:45Z","18808088","application/x-msdownload","145","1","windows","arm64","full","portable-exe","manual-only","current"
"2026-07-17T00:55:38.805Z","309102232","v1.2.0","stable","2026-04-15T00:57:51Z","false","396607888","CMTrace-Open_1.2.0_x64.msi","2026-04-15T00:22:51Z","2026-04-15T00:22:51Z","12615680","application/octet-stream","299","1","windows","x64","full","msi","manual-only","current"
"2026-07-17T00:55:38.805Z","309102232","v1.2.0","stable","2026-04-15T00:57:51Z","false","396607887","CMTrace-Open_1.2.0_x64-setup.exe","2026-04-15T00:22:51Z","2026-04-15T00:22:51Z","5774888","application/x-msdownload","107","0","windows","x64","full","nsis-setup","mixed-manual-update","current"
"2026-07-17T00:55:38.805Z","309102232","v1.2.0","stable","2026-04-15T00:57:51Z","false","396607886","CMTrace-Open_1.2.0_x64.exe","2026-04-15T00:22:51Z","2026-04-15T00:22:52Z","22539544","application/x-msdownload","261","1","windows","x64","full","portable-exe","manual-only","current"
"2026-07-17T00:55:38.805Z","309102232","v1.2.0","stable","2026-04-15T00:57:51Z","false","396607889","CMTrace-Open-Lite_1.2.0_x64.exe","2026-04-15T00:22:51Z","2026-04-15T00:22:52Z","19392792","application/x-msdownload","33","0","windows","x64","lite","portable-exe","manual-only","current"
"2026-07-17T00:55:38.805Z","311375312","v1.2.1","stable","2026-04-20T19:56:59Z","false","400989268","sbom-rust.cdx.json","2026-04-20T19:51:41Z","2026-04-20T19:51:41Z","511607","application/json","1","0","cross-platform","unknown","not-applicable","sbom","supporting-file","current"
"2026-07-17T00:55:38.805Z","311375312","v1.2.1","stable","2026-04-20T19:56:59Z","false","400989269","sbom-npm.cdx.json","2026-04-20T19:51:41Z","2026-04-20T19:51:41Z","437360","application/json","0","0","cross-platform","unknown","not-applicable","sbom","supporting-file","current"
"2026-07-17T00:55:38.805Z","311375312","v1.2.1","stable","2026-04-20T19:56:59Z","false","400989219","latest.json","2026-04-20T19:51:37Z","2026-04-20T19:51:37Z","5175","application/zip","1994","0","cross-platform","unknown","not-applicable","updater-manifest","updater-only","current"
"2026-07-17T00:55:38.805Z","311375312","v1.2.1","stable","2026-04-20T19:56:59Z","false","400969884","CMTrace.Open_1.2.1_amd64.AppImage","2026-04-20T19:18:36Z","2026-04-20T19:18:38Z","80951800","application/zip","2","1","linux","x64","full","appimage","mixed-manual-update","current"
"2026-07-17T00:55:38.805Z","311375312","v1.2.1","stable","2026-04-20T19:56:59Z","false","400969867","CMTrace.Open_1.2.1_amd64.deb","2026-04-20T19:18:33Z","2026-04-20T19:18:34Z","8671810","application/zip","4","0","linux","x64","full","deb","manual-only","current"
"2026-07-17T00:55:38.805Z","311375312","v1.2.1","stable","2026-04-20T19:56:59Z","false","400969879","CMTrace.Open-1.2.1-1.x86_64.rpm","2026-04-20T19:18:34Z","2026-04-20T19:18:35Z","8674474","application/zip","0","0","linux","x64","full","rpm","manual-only","current"
"2026-07-17T00:55:38.805Z","311375312","v1.2.1","stable","2026-04-20T19:56:59Z","false","400969874","CMTrace.Open_1.2.1_amd64.deb.sig","2026-04-20T19:18:34Z","2026-04-20T19:18:34Z","420","application/zip","0","0","linux","x64","full","signature","supporting-file","current"
"2026-07-17T00:55:38.805Z","311375312","v1.2.1","stable","2026-04-20T19:56:59Z","false","400969882","CMTrace.Open-1.2.1-1.x86_64.rpm.sig","2026-04-20T19:18:35Z","2026-04-20T19:18:36Z","424","application/zip","1","0","linux","x64","full","signature","supporting-file","current"
"2026-07-17T00:55:38.805Z","311375312","v1.2.1","stable","2026-04-20T19:56:59Z","false","400969903","CMTrace.Open_1.2.1_amd64.AppImage.sig","2026-04-20T19:18:39Z","2026-04-20T19:18:39Z","424","application/zip","0","0","linux","x64","full","signature","supporting-file","current"
"2026-07-17T00:55:38.805Z","311375312","v1.2.1","stable","2026-04-20T19:56:59Z","false","400989184","CMTrace.Open_1.2.1_aarch64.dmg","2026-04-20T19:51:33Z","2026-04-20T19:51:34Z","9417250","application/zip","16","0","macos","arm64","full","dmg","manual-only","current"
"2026-07-17T00:55:38.805Z","311375312","v1.2.1","stable","2026-04-20T19:56:59Z","false","400989201","CMTrace.Open_aarch64.app.tar.gz.sig","2026-04-20T19:51:35Z","2026-04-20T19:51:35Z","412","application/zip","0","0","unknown","unknown","unknown","signature","supporting-file","current"
"2026-07-17T00:55:38.805Z","311375312","v1.2.1","stable","2026-04-20T19:56:59Z","false","400989192","CMTrace.Open_aarch64.app.tar.gz","2026-04-20T19:51:34Z","2026-04-20T19:51:35Z","8813671","application/zip","8","0","unknown","unknown","unknown","unknown","unknown","current"
"2026-07-17T00:55:38.805Z","311375312","v1.2.1","stable","2026-04-20T19:56:59Z","false","400977315","CMTrace-Open_1.2.1_arm64.msi","2026-04-20T19:29:50Z","2026-04-20T19:29:51Z","11882496","application/octet-stream","184","1","windows","arm64","full","msi","manual-only","current"
"2026-07-17T00:55:38.805Z","311375312","v1.2.1","stable","2026-04-20T19:56:59Z","false","400977313","CMTrace-Open_1.2.1_arm64-setup.exe","2026-04-20T19:29:50Z","2026-04-20T19:29:51Z","5211800","application/x-msdownload","13","0","windows","arm64","full","nsis-setup","mixed-manual-update","current"
"2026-07-17T00:55:38.805Z","311375312","v1.2.1","stable","2026-04-20T19:56:59Z","false","400977314","CMTrace-Open_1.2.1_arm64.exe","2026-04-20T19:29:50Z","2026-04-20T19:29:52Z","18842904","application/x-msdownload","152","1","windows","arm64","full","portable-exe","manual-only","current"
"2026-07-17T00:55:38.805Z","311375312","v1.2.1","stable","2026-04-20T19:56:59Z","false","400977316","CMTrace-Open-Lite_1.2.1_arm64.exe","2026-04-20T19:29:50Z","2026-04-20T19:29:51Z","16101656","application/x-msdownload","12","0","windows","arm64","lite","portable-exe","manual-only","current"
"2026-07-17T00:55:38.805Z","311375312","v1.2.1","stable","2026-04-20T19:56:59Z","false","400977336","CMTrace-Open_1.2.1_x64.msi","2026-04-20T19:29:52Z","2026-04-20T19:29:52Z","12640256","application/octet-stream","449","1","windows","x64","full","msi","manual-only","current"
"2026-07-17T00:55:38.805Z","311375312","v1.2.1","stable","2026-04-20T19:56:59Z","false","400977334","CMTrace-Open_1.2.1_x64-setup.exe","2026-04-20T19:29:52Z","2026-04-20T19:29:52Z","5782704","application/x-msdownload","214","0","windows","x64","full","nsis-setup","mixed-manual-update","current"
"2026-07-17T00:55:38.805Z","311375312","v1.2.1","stable","2026-04-20T19:56:59Z","false","400977335","CMTrace-Open-Lite_1.2.1_x64.exe","2026-04-20T19:29:52Z","2026-04-20T19:29:53Z","19296536","application/x-msdownload","81","0","windows","x64","lite","portable-exe","manual-only","current"
"2026-07-17T00:55:38.805Z","311375312","v1.2.1","stable","2026-04-20T19:56:59Z","false","400977337","CMTrace-Open_1.2.1_x64.exe","2026-04-20T19:29:52Z","2026-04-20T19:29:53Z","22601496","application/x-msdownload","1828","1","windows","x64","full","portable-exe","manual-only","current"
"2026-07-17T00:55:38.805Z","316931617","v1.3.0","stable","2026-05-03T22:30:55Z","false","411362076","sbom-rust.cdx.json","2026-05-03T22:20:11Z","2026-05-03T22:20:11Z","567934","application/json","0","0","cross-platform","unknown","not-applicable","sbom","supporting-file","current"
"2026-07-17T00:55:38.805Z","316931617","v1.3.0","stable","2026-05-03T22:30:55Z","false","411362077","sbom-npm.cdx.json","2026-05-03T22:20:11Z","2026-05-03T22:20:11Z","439364","application/json","0","0","cross-platform","unknown","not-applicable","sbom","supporting-file","current"
"2026-07-17T00:55:38.805Z","316931617","v1.3.0","stable","2026-05-03T22:30:55Z","false","411365211","latest.json","2026-05-03T22:28:13Z","2026-05-03T22:28:13Z","5217","application/json","677","0","cross-platform","unknown","not-applicable","updater-manifest","updater-only","current"
"2026-07-17T00:55:38.805Z","316931617","v1.3.0","stable","2026-05-03T22:30:55Z","false","411362041","CMTrace.Open_1.3.0_amd64.AppImage","2026-05-03T22:20:04Z","2026-05-03T22:20:06Z","81185272","application/zip","4","0","linux","x64","full","appimage","mixed-manual-update","current"
"2026-07-17T00:55:38.805Z","316931617","v1.3.0","stable","2026-05-03T22:30:55Z","false","411362020","CMTrace.Open_1.3.0_amd64.deb","2026-05-03T22:20:01Z","2026-05-03T22:20:02Z","8977438","application/zip","3","0","linux","x64","full","deb","manual-only","current"
"2026-07-17T00:55:38.805Z","316931617","v1.3.0","stable","2026-05-03T22:30:55Z","false","411362034","CMTrace.Open-1.3.0-1.x86_64.rpm","2026-05-03T22:20:03Z","2026-05-03T22:20:03Z","8978253","application/zip","3","0","linux","x64","full","rpm","manual-only","current"
"2026-07-17T00:55:38.805Z","316931617","v1.3.0","stable","2026-05-03T22:30:55Z","false","411362030","CMTrace.Open_1.3.0_amd64.deb.sig","2026-05-03T22:20:02Z","2026-05-03T22:20:02Z","420","application/zip","0","0","linux","x64","full","signature","supporting-file","current"
"2026-07-17T00:55:38.805Z","316931617","v1.3.0","stable","2026-05-03T22:30:55Z","false","411362039","CMTrace.Open-1.3.0-1.x86_64.rpm.sig","2026-05-03T22:20:04Z","2026-05-03T22:20:04Z","424","application/zip","0","0","linux","x64","full","signature","supporting-file","current"
"2026-07-17T00:55:38.805Z","316931617","v1.3.0","stable","2026-05-03T22:30:55Z","false","411362058","CMTrace.Open_1.3.0_amd64.AppImage.sig","2026-05-03T22:20:06Z","2026-05-03T22:20:07Z","424","application/zip","0","0","linux","x64","full","signature","supporting-file","current"
"2026-07-17T00:55:38.805Z","316931617","v1.3.0","stable","2026-05-03T22:30:55Z","false","411361919","CMTrace.Open_1.3.0_aarch64.dmg","2026-05-03T22:19:32Z","2026-05-03T22:19:33Z","9657138","application/zip","9","0","macos","arm64","full","dmg","manual-only","current"
"2026-07-17T00:55:38.805Z","316931617","v1.3.0","stable","2026-05-03T22:30:55Z","false","411361925","CMTrace.Open_aarch64.app.tar.gz.sig","2026-05-03T22:19:34Z","2026-05-03T22:19:34Z","412","application/zip","0","0","unknown","unknown","unknown","signature","supporting-file","current"
"2026-07-17T00:55:38.805Z","316931617","v1.3.0","stable","2026-05-03T22:30:55Z","false","411361922","CMTrace.Open_aarch64.app.tar.gz","2026-05-03T22:19:33Z","2026-05-03T22:19:34Z","9054415","application/zip","4","0","unknown","unknown","unknown","unknown","unknown","current"
"2026-07-17T00:55:38.805Z","316931617","v1.3.0","stable","2026-05-03T22:30:55Z","false","411365195","CMTrace-Open_1.3.0_arm64.msi","2026-05-03T22:28:10Z","2026-05-03T22:28:11Z","12218368","application/octet-stream","137","1","windows","arm64","full","msi","manual-only","current"
"2026-07-17T00:55:38.805Z","316931617","v1.3.0","stable","2026-05-03T22:30:55Z","false","411365193","CMTrace-Open_1.3.0_arm64-setup.exe","2026-05-03T22:28:10Z","2026-05-03T22:28:11Z","5344896","application/x-msdownload","9","0","windows","arm64","full","nsis-setup","mixed-manual-update","current"
"2026-07-17T00:55:38.805Z","316931617","v1.3.0","stable","2026-05-03T22:30:55Z","false","411365192","CMTrace-Open-Lite_1.3.0_arm64.exe","2026-05-03T22:28:10Z","2026-05-03T22:28:11Z","16760088","application/x-msdownload","9","0","windows","arm64","lite","portable-exe","manual-only","current"
"2026-07-17T00:55:38.805Z","316931617","v1.3.0","stable","2026-05-03T22:30:55Z","false","411365194","CMTrace-Open_1.3.0_arm64.exe","2026-05-03T22:28:10Z","2026-05-03T22:28:11Z","19493144","application/x-msdownload","121","1","windows","arm64","full","portable-exe","manual-only","current"
"2026-07-17T00:55:38.805Z","316931617","v1.3.0","stable","2026-05-03T22:30:55Z","false","411364992","CMTrace-Open_1.3.0_x64.msi","2026-05-03T22:27:34Z","2026-05-03T22:27:35Z","12992512","application/octet-stream","273","1","windows","x64","full","msi","manual-only","current"
"2026-07-17T00:55:38.805Z","316931617","v1.3.0","stable","2026-05-03T22:30:55Z","false","411364990","CMTrace-Open_1.3.0_x64-setup.exe","2026-05-03T22:27:34Z","2026-05-03T22:27:34Z","5950416","application/x-msdownload","85","0","windows","x64","full","nsis-setup","mixed-manual-update","current"
"2026-07-17T00:55:38.805Z","316931617","v1.3.0","stable","2026-05-03T22:30:55Z","false","411364991","CMTrace-Open_1.3.0_x64.exe","2026-05-03T22:27:34Z","2026-05-03T22:27:35Z","23457560","application/x-msdownload","1719","1","windows","x64","full","portable-exe","manual-only","current"
"2026-07-17T00:55:38.805Z","316931617","v1.3.0","stable","2026-05-03T22:30:55Z","false","411364993","CMTrace-Open-Lite_1.3.0_x64.exe","2026-05-03T22:27:34Z","2026-05-03T22:27:35Z","20102936","application/x-msdownload","54","0","windows","x64","lite","portable-exe","manual-only","current"
"2026-07-17T00:55:38.805Z","318727875","v1.3.1","stable","2026-05-07T03:12:57Z","false","414046644","sbom-npm.cdx.json","2026-05-07T03:00:09Z","2026-05-07T03:00:10Z","439364","application/json","0","0","cross-platform","unknown","not-applicable","sbom","supporting-file","current"
"2026-07-17T00:55:38.805Z","318727875","v1.3.1","stable","2026-05-07T03:12:57Z","false","414046645","sbom-rust.cdx.json","2026-05-07T03:00:09Z","2026-05-07T03:00:10Z","560240","application/json","0","0","cross-platform","unknown","not-applicable","sbom","supporting-file","current"
"2026-07-17T00:55:38.805Z","318727875","v1.3.1","stable","2026-05-07T03:12:57Z","false","414053033","latest.json","2026-05-07T03:11:09Z","2026-05-07T03:11:09Z","5217","application/json","829","0","cross-platform","unknown","not-applicable","updater-manifest","updater-only","current"
"2026-07-17T00:55:38.805Z","318727875","v1.3.1","stable","2026-05-07T03:12:57Z","false","414046534","CMTrace.Open_1.3.1_amd64.AppImage","2026-05-07T03:00:01Z","2026-05-07T03:00:04Z","82876920","application/zip","2","0","linux","x64","full","appimage","mixed-manual-update","current"
"2026-07-17T00:55:38.805Z","318727875","v1.3.1","stable","2026-05-07T03:12:57Z","false","414046505","CMTrace.Open_1.3.1_amd64.deb","2026-05-07T02:59:57Z","2026-05-07T02:59:58Z","8969736","application/zip","4","0","linux","x64","full","deb","manual-only","current"
"2026-07-17T00:55:38.805Z","318727875","v1.3.1","stable","2026-05-07T03:12:57Z","false","414046523","CMTrace.Open-1.3.1-1.x86_64.rpm","2026-05-07T02:59:59Z","2026-05-07T03:00:00Z","8970043","application/zip","3","0","linux","x64","full","rpm","manual-only","current"
"2026-07-17T00:55:38.805Z","318727875","v1.3.1","stable","2026-05-07T03:12:57Z","false","414046518","CMTrace.Open_1.3.1_amd64.deb.sig","2026-05-07T02:59:58Z","2026-05-07T02:59:59Z","420","application/zip","0","0","linux","x64","full","signature","supporting-file","current"
"2026-07-17T00:55:38.805Z","318727875","v1.3.1","stable","2026-05-07T03:12:57Z","false","414046531","CMTrace.Open-1.3.1-1.x86_64.rpm.sig","2026-05-07T03:00:00Z","2026-05-07T03:00:00Z","424","application/zip","0","0","linux","x64","full","signature","supporting-file","current"
"2026-07-17T00:55:38.805Z","318727875","v1.3.1","stable","2026-05-07T03:12:57Z","false","414046570","CMTrace.Open_1.3.1_amd64.AppImage.sig","2026-05-07T03:00:04Z","2026-05-07T03:00:04Z","424","application/zip","0","0","linux","x64","full","signature","supporting-file","current"
"2026-07-17T00:55:38.805Z","318727875","v1.3.1","stable","2026-05-07T03:12:57Z","false","414046179","CMTrace.Open_1.3.1_aarch64.dmg","2026-05-07T02:59:19Z","2026-05-07T02:59:20Z","9650216","application/zip","9","0","macos","arm64","full","dmg","manual-only","current"
"2026-07-17T00:55:38.805Z","318727875","v1.3.1","stable","2026-05-07T03:12:57Z","false","414046211","CMTrace.Open_aarch64.app.tar.gz.sig","2026-05-07T02:59:21Z","2026-05-07T02:59:22Z","412","application/zip","0","0","unknown","unknown","unknown","signature","supporting-file","current"
"2026-07-17T00:55:38.805Z","318727875","v1.3.1","stable","2026-05-07T03:12:57Z","false","414046194","CMTrace.Open_aarch64.app.tar.gz","2026-05-07T02:59:20Z","2026-05-07T02:59:21Z","9046481","application/zip","4","0","unknown","unknown","unknown","unknown","unknown","current"
"2026-07-17T00:55:38.805Z","318727875","v1.3.1","stable","2026-05-07T03:12:57Z","false","414052973","CMTrace-Open_1.3.1_arm64.msi","2026-05-07T03:11:04Z","2026-05-07T03:11:05Z","12197888","application/octet-stream","142","1","windows","arm64","full","msi","manual-only","current"
"2026-07-17T00:55:38.805Z","318727875","v1.3.1","stable","2026-05-07T03:12:57Z","false","414052977","CMTrace-Open_1.3.1_arm64-setup.exe","2026-05-07T03:11:04Z","2026-05-07T03:11:05Z","5335112","application/x-msdownload","10","0","windows","arm64","full","nsis-setup","mixed-manual-update","current"
"2026-07-17T00:55:38.805Z","318727875","v1.3.1","stable","2026-05-07T03:12:57Z","false","414052972","CMTrace-Open-Lite_1.3.1_arm64.exe","2026-05-07T03:11:04Z","2026-05-07T03:11:06Z","16740112","application/x-msdownload","4","0","windows","arm64","lite","portable-exe","manual-only","current"
"2026-07-17T00:55:38.805Z","318727875","v1.3.1","stable","2026-05-07T03:12:57Z","false","414052976","CMTrace-Open_1.3.1_arm64.exe","2026-05-07T03:11:04Z","2026-05-07T03:11:06Z","19476760","application/x-msdownload","117","1","windows","arm64","full","portable-exe","manual-only","current"
"2026-07-17T00:55:38.805Z","318727875","v1.3.1","stable","2026-05-07T03:12:57Z","false","414052699","CMTrace-Open_1.3.1_x64.msi","2026-05-07T03:10:33Z","2026-05-07T03:10:34Z","12976128","application/octet-stream","284","1","windows","x64","full","msi","manual-only","current"
"2026-07-17T00:55:38.805Z","318727875","v1.3.1","stable","2026-05-07T03:12:57Z","false","414052697","CMTrace-Open_1.3.1_x64-setup.exe","2026-05-07T03:10:33Z","2026-05-07T03:10:34Z","5922520","application/x-msdownload","109","0","windows","x64","full","nsis-setup","mixed-manual-update","current"
"2026-07-17T00:55:38.805Z","318727875","v1.3.1","stable","2026-05-07T03:12:57Z","false","414052698","CMTrace-Open_1.3.1_x64.exe","2026-05-07T03:10:33Z","2026-05-07T03:10:35Z","23428376","application/x-msdownload","1659","1","windows","x64","full","portable-exe","manual-only","current"
"2026-07-17T00:55:38.805Z","318727875","v1.3.1","stable","2026-05-07T03:12:57Z","false","414052700","CMTrace-Open-Lite_1.3.1_x64.exe","2026-05-07T03:10:33Z","2026-05-07T03:10:35Z","20077848","application/x-msdownload","44","1","windows","x64","lite","portable-exe","manual-only","current"
"2026-07-17T00:55:38.805Z","320866230","v1.3.2","stable","2026-05-12T01:01:57Z","false","417918293","sbom-npm.cdx.json","2026-05-12T00:48:30Z","2026-05-12T00:48:30Z","439364","application/json","3","0","cross-platform","unknown","not-applicable","sbom","supporting-file","current"
"2026-07-17T00:55:38.805Z","320866230","v1.3.2","stable","2026-05-12T01:01:57Z","false","417918294","sbom-rust.cdx.json","2026-05-12T00:48:30Z","2026-05-12T00:48:30Z","561154","application/json","0","0","cross-platform","unknown","not-applicable","sbom","supporting-file","current"
"2026-07-17T00:55:38.805Z","320866230","v1.3.2","stable","2026-05-12T01:01:57Z","false","417923498","latest.json","2026-05-12T00:59:44Z","2026-05-12T00:59:44Z","5217","application/json","5564","0","cross-platform","unknown","not-applicable","updater-manifest","updater-only","current"
"2026-07-17T00:55:38.805Z","320866230","v1.3.2","stable","2026-05-12T01:01:57Z","false","417918085","CMTrace.Open_1.3.2_amd64.AppImage","2026-05-12T00:48:20Z","2026-05-12T00:48:24Z","82856440","application/zip","9","0","linux","x64","full","appimage","mixed-manual-update","current"
"2026-07-17T00:55:38.805Z","320866230","v1.3.2","stable","2026-05-12T01:01:57Z","false","417918071","CMTrace.Open_1.3.2_amd64.deb","2026-05-12T00:48:17Z","2026-05-12T00:48:18Z","8961460","application/zip","11","0","linux","x64","full","deb","manual-only","current"
"2026-07-17T00:55:38.805Z","320866230","v1.3.2","stable","2026-05-12T01:01:57Z","false","417918081","CMTrace.Open-1.3.2-1.x86_64.rpm","2026-05-12T00:48:19Z","2026-05-12T00:48:19Z","8963180","application/zip","6","0","linux","x64","full","rpm","manual-only","current"
"2026-07-17T00:55:38.805Z","320866230","v1.3.2","stable","2026-05-12T01:01:57Z","false","417918076","CMTrace.Open_1.3.2_amd64.deb.sig","2026-05-12T00:48:18Z","2026-05-12T00:48:19Z","420","application/zip","0","0","linux","x64","full","signature","supporting-file","current"
"2026-07-17T00:55:38.805Z","320866230","v1.3.2","stable","2026-05-12T01:01:57Z","false","417918084","CMTrace.Open-1.3.2-1.x86_64.rpm.sig","2026-05-12T00:48:20Z","2026-05-12T00:48:20Z","424","application/zip","1","0","linux","x64","full","signature","supporting-file","current"
"2026-07-17T00:55:38.805Z","320866230","v1.3.2","stable","2026-05-12T01:01:57Z","false","417918111","CMTrace.Open_1.3.2_amd64.AppImage.sig","2026-05-12T00:48:24Z","2026-05-12T00:48:25Z","424","application/zip","1","0","linux","x64","full","signature","supporting-file","current"
"2026-07-17T00:55:38.805Z","320866230","v1.3.2","stable","2026-05-12T01:01:57Z","false","417917784","CMTrace.Open_1.3.2_aarch64.dmg","2026-05-12T00:47:45Z","2026-05-12T00:47:46Z","9643590","application/zip","86","0","macos","arm64","full","dmg","manual-only","current"
"2026-07-17T00:55:38.805Z","320866230","v1.3.2","stable","2026-05-12T01:01:57Z","false","417917799","CMTrace.Open_aarch64.app.tar.gz.sig","2026-05-12T00:47:48Z","2026-05-12T00:47:48Z","412","application/zip","0","0","unknown","unknown","unknown","signature","supporting-file","current"
"2026-07-17T00:55:38.805Z","320866230","v1.3.2","stable","2026-05-12T01:01:57Z","false","417917794","CMTrace.Open_aarch64.app.tar.gz","2026-05-12T00:47:47Z","2026-05-12T00:47:47Z","9040977","application/zip","17","0","unknown","unknown","unknown","unknown","unknown","current"
"2026-07-17T00:55:38.805Z","320866230","v1.3.2","stable","2026-05-12T01:01:57Z","false","417923480","CMTrace-Open_1.3.2_arm64.msi","2026-05-12T00:59:40Z","2026-05-12T00:59:41Z","12464128","application/octet-stream","333","1","windows","arm64","full","msi","manual-only","current"
"2026-07-17T00:55:38.805Z","320866230","v1.3.2","stable","2026-05-12T01:01:57Z","false","417923478","CMTrace-Open_1.3.2_arm64-setup.exe","2026-05-12T00:59:40Z","2026-05-12T00:59:41Z","5331448","application/x-msdownload","41","0","windows","arm64","full","nsis-setup","mixed-manual-update","current"
"2026-07-17T00:55:38.805Z","320866230","v1.3.2","stable","2026-05-12T01:01:57Z","false","417923477","CMTrace-Open-Lite_1.3.2_arm64.exe","2026-05-12T00:59:40Z","2026-05-12T00:59:41Z","16735000","application/x-msdownload","33","0","windows","arm64","lite","portable-exe","manual-only","current"
"2026-07-17T00:55:38.805Z","320866230","v1.3.2","stable","2026-05-12T01:01:57Z","false","417923479","CMTrace-Open_1.3.2_arm64.exe","2026-05-12T00:59:40Z","2026-05-12T00:59:42Z","19430680","application/x-msdownload","196","1","windows","arm64","full","portable-exe","manual-only","current"
"2026-07-17T00:55:38.805Z","320866230","v1.3.2","stable","2026-05-12T01:01:57Z","false","417923339","CMTrace-Open_1.3.2_x64.msi","2026-05-12T00:59:19Z","2026-05-12T00:59:20Z","13254656","application/octet-stream","1245","1","windows","x64","full","msi","manual-only","current"
"2026-07-17T00:55:38.805Z","320866230","v1.3.2","stable","2026-05-12T01:01:57Z","false","417923340","CMTrace-Open_1.3.2_x64-setup.exe","2026-05-12T00:59:19Z","2026-05-12T00:59:19Z","5940720","application/x-msdownload","627","0","windows","x64","full","nsis-setup","mixed-manual-update","current"
"2026-07-17T00:55:38.805Z","320866230","v1.3.2","stable","2026-05-12T01:01:57Z","false","417923337","CMTrace-Open_1.3.2_x64.exe","2026-05-12T00:59:19Z","2026-05-12T00:59:20Z","23451928","application/x-msdownload","4070","1","windows","x64","full","portable-exe","manual-only","current"
"2026-07-17T00:55:38.805Z","320866230","v1.3.2","stable","2026-05-12T01:01:57Z","false","417923338","CMTrace-Open-Lite_1.3.2_x64.exe","2026-05-12T00:59:19Z","2026-05-12T00:59:20Z","20091160","application/x-msdownload","319","0","windows","x64","lite","portable-exe","manual-only","current"
"2026-07-17T00:55:38.805Z","353303068","v1.4.0","stable","2026-07-13T17:35:54Z","false","475701317","sbom-rust.cdx.json","2026-07-13T17:05:33Z","2026-07-13T17:05:33Z","529835","application/json","1","0","cross-platform","unknown","not-applicable","sbom","supporting-file","current"
"2026-07-17T00:55:38.805Z","353303068","v1.4.0","stable","2026-07-13T17:35:54Z","false","475701320","sbom-npm.cdx.json","2026-07-13T17:05:33Z","2026-07-13T17:05:33Z","439408","application/json","1","0","cross-platform","unknown","not-applicable","sbom","supporting-file","current"
"2026-07-17T00:55:38.805Z","353303068","v1.4.0","stable","2026-07-13T17:35:54Z","false","475712003","latest.json","2026-07-13T17:16:41Z","2026-07-13T17:16:42Z","5090","application/json","319","87","cross-platform","unknown","not-applicable","updater-manifest","updater-only","current"
"2026-07-17T00:55:38.805Z","353303068","v1.4.0","stable","2026-07-13T17:35:54Z","false","475700424","CMTrace.Open_1.4.0_amd64.AppImage","2026-07-13T17:04:34Z","2026-07-13T17:04:37Z","82766328","application/zip","3","0","linux","x64","full","appimage","mixed-manual-update","current"
"2026-07-17T00:55:38.805Z","353303068","v1.4.0","stable","2026-07-13T17:35:54Z","false","475700347","CMTrace.Open_1.4.0_amd64.deb","2026-07-13T17:04:30Z","2026-07-13T17:04:32Z","8846378","application/zip","0","0","linux","x64","full","deb","manual-only","current"
"2026-07-17T00:55:38.805Z","353303068","v1.4.0","stable","2026-07-13T17:35:54Z","false","475700404","CMTrace.Open-1.4.0-1.x86_64.rpm","2026-07-13T17:04:33Z","2026-07-13T17:04:34Z","8847296","application/zip","0","0","linux","x64","full","rpm","manual-only","current"
"2026-07-17T00:55:38.805Z","353303068","v1.4.0","stable","2026-07-13T17:35:54Z","false","475700391","CMTrace.Open_1.4.0_amd64.deb.sig","2026-07-13T17:04:33Z","2026-07-13T17:04:33Z","420","application/zip","0","0","linux","x64","full","signature","supporting-file","current"
"2026-07-17T00:55:38.805Z","353303068","v1.4.0","stable","2026-07-13T17:35:54Z","false","475700416","CMTrace.Open-1.4.0-1.x86_64.rpm.sig","2026-07-13T17:04:34Z","2026-07-13T17:04:34Z","424","application/zip","0","0","linux","x64","full","signature","supporting-file","current"
"2026-07-17T00:55:38.805Z","353303068","v1.4.0","stable","2026-07-13T17:35:54Z","false","475700485","CMTrace.Open_1.4.0_amd64.AppImage.sig","2026-07-13T17:04:37Z","2026-07-13T17:04:37Z","424","application/zip","1","0","linux","x64","full","signature","supporting-file","current"
"2026-07-17T00:55:38.805Z","353303068","v1.4.0","stable","2026-07-13T17:35:54Z","false","475701213","CMTrace.Open_1.4.0_aarch64.dmg","2026-07-13T17:05:24Z","2026-07-13T17:05:25Z","9364364","application/zip","26","2","macos","arm64","full","dmg","manual-only","current"
"2026-07-17T00:55:38.805Z","353303068","v1.4.0","stable","2026-07-13T17:35:54Z","false","475701257","CMTrace.Open_1.4.0_aarch64.app.tar.gz.sig","2026-07-13T17:05:27Z","2026-07-13T17:05:27Z","412","application/zip","0","0","macos","arm64","full","signature","supporting-file","current"
"2026-07-17T00:55:38.805Z","353303068","v1.4.0","stable","2026-07-13T17:35:54Z","false","475701234","CMTrace.Open_1.4.0_aarch64.app.tar.gz","2026-07-13T17:05:26Z","2026-07-13T17:05:27Z","8769754","application/zip","2","0","macos","arm64","full","updater-archive","updater-only","current"
"2026-07-17T00:55:38.805Z","353303068","v1.4.0","stable","2026-07-13T17:35:54Z","false","475710706","CMTrace-Open_1.4.0_arm64.msi","2026-07-13T17:15:30Z","2026-07-13T17:15:31Z","12513280","application/octet-stream","47","2","windows","arm64","full","msi","manual-only","current"
"2026-07-17T00:55:38.805Z","353303068","v1.4.0","stable","2026-07-13T17:35:54Z","false","475710701","CMTrace-Open_1.4.0_arm64-setup.exe","2026-07-13T17:15:30Z","2026-07-13T17:15:31Z","5355952","application/x-msdownload","5","0","windows","arm64","full","nsis-setup","mixed-manual-update","current"
"2026-07-17T00:55:38.805Z","353303068","v1.4.0","stable","2026-07-13T17:35:54Z","false","475710700","CMTrace-Open_1.4.0_arm64.exe","2026-07-13T17:15:30Z","2026-07-13T17:15:31Z","19651328","application/x-msdownload","27","6","windows","arm64","full","portable-exe","manual-only","current"
"2026-07-17T00:55:38.805Z","353303068","v1.4.0","stable","2026-07-13T17:35:54Z","false","475710704","CMTrace-Open-Lite_1.4.0_arm64.exe","2026-07-13T17:15:30Z","2026-07-13T17:15:31Z","16974080","application/x-msdownload","0","0","windows","arm64","lite","portable-exe","manual-only","current"
"2026-07-17T00:55:38.805Z","353303068","v1.4.0","stable","2026-07-13T17:35:54Z","false","475711963","CMTrace-Open_1.4.0_x64.msi","2026-07-13T17:16:38Z","2026-07-13T17:16:39Z","13324288","application/octet-stream","262","37","windows","x64","full","msi","manual-only","current"
"2026-07-17T00:55:38.805Z","353303068","v1.4.0","stable","2026-07-13T17:35:54Z","false","475711961","CMTrace-Open_1.4.0_x64-setup.exe","2026-07-13T17:16:38Z","2026-07-13T17:16:39Z","5970216","application/x-msdownload","109","21","windows","x64","full","nsis-setup","mixed-manual-update","current"
"2026-07-17T00:55:38.805Z","353303068","v1.4.0","stable","2026-07-13T17:35:54Z","false","475711960","CMTrace-Open_1.4.0_x64.exe","2026-07-13T17:16:38Z","2026-07-13T17:16:39Z","23561984","application/x-msdownload","1340","216","windows","x64","full","portable-exe","manual-only","current"
"2026-07-17T00:55:38.805Z","353303068","v1.4.0","stable","2026-07-13T17:35:54Z","false","475711962","CMTrace-Open-Lite_1.4.0_x64.exe","2026-07-13T17:16:38Z","2026-07-13T17:16:39Z","20365568","application/x-msdownload","41","3","windows","x64","lite","portable-exe","manual-only","current"
